[
{"pk":3835,
"model":"base.BaseCode",
"fields":{"content":"base.language","display":"Simplified Chinese","value":"zh-cn"}},
{"pk":3836,
"model":"base.BaseCode",
"fields":{"content":"base.language","display":"English","value":"en"}},
{"pk":3837,
"model":"base.BaseCode",
"fields":{"content":"base.language","display":"Spanish","value":"es"}},
{"pk":3838,
"model":"base.BaseCode",
"fields":{"content":"base.language","display":"Traditional Chinese","value":"zh-tw"}},
{"pk":1,
"model":"personnel.Country",
"fields":{"country_code":1,"id":1,"country_name":"中国"}},
{"pk":1,
"model":"personnel.State",
"fields":{"country":1,"state_code":1,"id":1,"state_name":"北京市"}},
{"pk":2,
"model":"personnel.State",
"fields":{"country":1,"state_code":2,"id":2,"state_name":"天津市"}},
{"pk":3,
"model":"personnel.State",
"fields":{"country":1,"state_code":5,"id":3,"state_name":"河北省"}},
{"pk":4,
"model":"personnel.State",
"fields":{"country":1,"state_code":6,"id":4,"state_name":"山西省"}},
{"pk":5,
"model":"personnel.State",
"fields":{"country":1,"state_code":32,"id":5,"state_name":"内蒙古自治区"}},
{"pk":6,
"model":"personnel.State",
"fields":{"country":1,"state_code":8,"id":6,"state_name":"辽宁省"}},
{"pk":7,
"model":"personnel.State",
"fields":{"country":1,"state_code":9,"id":7,"state_name":"吉林省"}},
{"pk":8,
"model":"personnel.State",
"fields":{"country":1,"state_code":10,"id":8,"state_name":"黑龙江省"}},
{"pk":9,
"model":"personnel.State",
"fields":{"country":1,"state_code":3,"id":9,"state_name":"上海市"}},
{"pk":10,
"model":"personnel.State",
"fields":{"country":1,"state_code":11,"id":10,"state_name":"江苏省"}},
{"pk":11,
"model":"personnel.State",
"fields":{"country":1,"state_code":12,"id":11,"state_name":"浙江省"}},
{"pk":12,
"model":"personnel.State",
"fields":{"country":1,"state_code":13,"id":12,"state_name":"安徽省"}},
{"pk":13,
"model":"personnel.State",
"fields":{"country":1,"state_code":14,"id":13,"state_name":"福建省"}},
{"pk":14,
"model":"personnel.State",
"fields":{"country":1,"state_code":15,"id":14,"state_name":"江西省"}},
{"pk":15,
"model":"personnel.State",
"fields":{"country":1,"state_code":16,"id":15,"state_name":"山东省"}},
{"pk":16,
"model":"personnel.State",
"fields":{"country":1,"state_code":17,"id":16,"state_name":"河南省"}},
{"pk":17,
"model":"personnel.State",
"fields":{"country":1,"state_code":18,"id":17,"state_name":"湖北省"}},
{"pk":18,
"model":"personnel.State",
"fields":{"country":1,"state_code":19,"id":18,"state_name":"湖南省"}},
{"pk":19,
"model":"personnel.State",
"fields":{"country":1,"state_code":20,"id":19,"state_name":"广东省"}},
{"pk":20,
"model":"personnel.State",
"fields":{"country":1,"state_code":24,"id":20,"state_name":"海南省"}},
{"pk":21,
"model":"personnel.State",
"fields":{"country":1,"state_code":28,"id":21,"state_name":"广西壮族自治区"}},
{"pk":22,
"model":"personnel.State",
"fields":{"country":1,"state_code":21,"id":22,"state_name":"甘肃省"}},
{"pk":23,
"model":"personnel.State",
"fields":{"country":1,"state_code":27,"id":23,"state_name":"陕西省"}},
{"pk":24,
"model":"personnel.State",
"fields":{"country":1,"state_code":31,"id":24,"state_name":"新疆维吾尔自治区"}},
{"pk":25,
"model":"personnel.State",
"fields":{"country":1,"state_code":26,"id":25,"state_name":"青海省"}},
{"pk":26,
"model":"personnel.State",
"fields":{"country":1,"state_code":30,"id":26,"state_name":"宁夏回族自治区"}},
{"pk":27,
"model":"personnel.State",
"fields":{"country":1,"state_code":4,"id":27,"state_name":"重庆市"}},
{"pk":28,
"model":"personnel.State",
"fields":{"country":1,"state_code":22,"id":28,"state_name":"四川省"}},
{"pk":29,
"model":"personnel.State",
"fields":{"country":1,"state_code":23,"id":29,"state_name":"贵州省"}},
{"pk":30,
"model":"personnel.State",
"fields":{"country":1,"state_code":25,"id":30,"state_name":"云南省"}},
{"pk":31,
"model":"personnel.State",
"fields":{"country":1,"state_code":29,"id":31,"state_name":"西藏自治区"}},
{"pk":32,
"model":"personnel.State",
"fields":{"country":1,"state_code":7,"id":32,"state_name":"台湾省"}},
{"pk":33,
"model":"personnel.State",
"fields":{"country":1,"state_code":33,"id":33,"state_name":"澳门特别行政区"}},
{"pk":34,
"model":"personnel.State",
"fields":{"country":1,"state_code":34,"id":34,"state_name":"香港特别行政区"}},
{"pk":1,
"model":"personnel.City",
"fields":{"country":1,"state":1,"city_code":1,"id":1,"city_name":"北京市"}},
{"pk":2,
"model":"personnel.City",
"fields":{"country":1,"state":2,"city_code":2,"id":2,"city_name":"天津市"}},
{"pk":3,
"model":"personnel.City",
"fields":{"country":1,"state":9,"city_code":3,"id":3,"city_name":"上海市"}},
{"pk":4,
"model":"personnel.City",
"fields":{"country":1,"state":27,"city_code":4,"id":4,"city_name":"重庆市"}},
{"pk":5,
"model":"personnel.City",
"fields":{"country":1,"state":3,"city_code":5,"id":5,"city_name":"邯郸市"}},
{"pk":6,
"model":"personnel.City",
"fields":{"country":1,"state":3,"city_code":6,"id":6,"city_name":"石家庄市"}},
{"pk":7,
"model":"personnel.City",
"fields":{"country":1,"state":3,"city_code":7,"id":7,"city_name":"保定市"}},
{"pk":8,
"model":"personnel.City",
"fields":{"country":1,"state":3,"city_code":8,"id":8,"city_name":"张家口市"}},
{"pk":9,
"model":"personnel.City",
"fields":{"country":1,"state":3,"city_code":9,"id":9,"city_name":"承德市"}},
{"pk":10,
"model":"personnel.City",
"fields":{"country":1,"state":3,"city_code":10,"id":10,"city_name":"唐山市"}},
{"pk":11,
"model":"personnel.City",
"fields":{"country":1,"state":3,"city_code":11,"id":11,"city_name":"廊坊市"}},
{"pk":12,
"model":"personnel.City",
"fields":{"country":1,"state":3,"city_code":12,"id":12,"city_name":"沧州市"}},
{"pk":13,
"model":"personnel.City",
"fields":{"country":1,"state":3,"city_code":13,"id":13,"city_name":"衡水市"}},
{"pk":14,
"model":"personnel.City",
"fields":{"country":1,"state":3,"city_code":14,"id":14,"city_name":"邢台市"}},
{"pk":15,
"model":"personnel.City",
"fields":{"country":1,"state":3,"city_code":15,"id":15,"city_name":"秦皇岛市"}},
{"pk":16,
"model":"personnel.City",
"fields":{"country":1,"state":4,"city_code":16,"id":16,"city_name":"朔州市"}},
{"pk":17,
"model":"personnel.City",
"fields":{"country":1,"state":4,"city_code":17,"id":17,"city_name":"忻州市"}},
{"pk":18,
"model":"personnel.City",
"fields":{"country":1,"state":4,"city_code":18,"id":18,"city_name":"太原市"}},
{"pk":19,
"model":"personnel.City",
"fields":{"country":1,"state":4,"city_code":19,"id":19,"city_name":"大同市"}},
{"pk":20,
"model":"personnel.City",
"fields":{"country":1,"state":4,"city_code":20,"id":20,"city_name":"阳泉市"}},
{"pk":21,
"model":"personnel.City",
"fields":{"country":1,"state":4,"city_code":21,"id":21,"city_name":"晋中市"}},
{"pk":22,
"model":"personnel.City",
"fields":{"country":1,"state":4,"city_code":22,"id":22,"city_name":"长治市"}},
{"pk":23,
"model":"personnel.City",
"fields":{"country":1,"state":4,"city_code":23,"id":23,"city_name":"晋城市"}},
{"pk":24,
"model":"personnel.City",
"fields":{"country":1,"state":4,"city_code":24,"id":24,"city_name":"临汾市"}},
{"pk":25,
"model":"personnel.City",
"fields":{"country":1,"state":4,"city_code":25,"id":25,"city_name":"吕梁市"}},
{"pk":26,
"model":"personnel.City",
"fields":{"country":1,"state":4,"city_code":26,"id":26,"city_name":"运城市"}},
{"pk":27,
"model":"personnel.City",
"fields":{"country":1,"state":6,"city_code":27,"id":27,"city_name":"沈阳市"}},
{"pk":28,
"model":"personnel.City",
"fields":{"country":1,"state":6,"city_code":28,"id":28,"city_name":"铁岭市"}},
{"pk":29,
"model":"personnel.City",
"fields":{"country":1,"state":6,"city_code":29,"id":29,"city_name":"大连市"}},
{"pk":30,
"model":"personnel.City",
"fields":{"country":1,"state":6,"city_code":30,"id":30,"city_name":"鞍山市"}},
{"pk":31,
"model":"personnel.City",
"fields":{"country":1,"state":6,"city_code":31,"id":31,"city_name":"抚顺市"}},
{"pk":32,
"model":"personnel.City",
"fields":{"country":1,"state":6,"city_code":32,"id":32,"city_name":"本溪市"}},
{"pk":33,
"model":"personnel.City",
"fields":{"country":1,"state":6,"city_code":33,"id":33,"city_name":"丹东市"}},
{"pk":34,
"model":"personnel.City",
"fields":{"country":1,"state":6,"city_code":34,"id":34,"city_name":"锦州市"}},
{"pk":35,
"model":"personnel.City",
"fields":{"country":1,"state":6,"city_code":35,"id":35,"city_name":"营口市"}},
{"pk":36,
"model":"personnel.City",
"fields":{"country":1,"state":6,"city_code":36,"id":36,"city_name":"阜新市"}},
{"pk":37,
"model":"personnel.City",
"fields":{"country":1,"state":6,"city_code":37,"id":37,"city_name":"辽阳市"}},
{"pk":38,
"model":"personnel.City",
"fields":{"country":1,"state":6,"city_code":38,"id":38,"city_name":"朝阳市"}},
{"pk":39,
"model":"personnel.City",
"fields":{"country":1,"state":6,"city_code":39,"id":39,"city_name":"盘锦市"}},
{"pk":40,
"model":"personnel.City",
"fields":{"country":1,"state":6,"city_code":40,"id":40,"city_name":"葫芦岛市"}},
{"pk":41,
"model":"personnel.City",
"fields":{"country":1,"state":7,"city_code":41,"id":41,"city_name":"长春市"}},
{"pk":42,
"model":"personnel.City",
"fields":{"country":1,"state":7,"city_code":42,"id":42,"city_name":"吉林市"}},
{"pk":43,
"model":"personnel.City",
"fields":{"country":1,"state":7,"city_code":43,"id":43,"city_name":"延边朝鲜族自治州"}},
{"pk":44,
"model":"personnel.City",
"fields":{"country":1,"state":7,"city_code":44,"id":44,"city_name":"四平市"}},
{"pk":45,
"model":"personnel.City",
"fields":{"country":1,"state":7,"city_code":45,"id":45,"city_name":"通化市"}},
{"pk":46,
"model":"personnel.City",
"fields":{"country":1,"state":7,"city_code":46,"id":46,"city_name":"白城市"}},
{"pk":47,
"model":"personnel.City",
"fields":{"country":1,"state":7,"city_code":47,"id":47,"city_name":"辽源市"}},
{"pk":48,
"model":"personnel.City",
"fields":{"country":1,"state":7,"city_code":48,"id":48,"city_name":"松原市"}},
{"pk":49,
"model":"personnel.City",
"fields":{"country":1,"state":7,"city_code":49,"id":49,"city_name":"白山市"}},
{"pk":50,
"model":"personnel.City",
"fields":{"country":1,"state":8,"city_code":50,"id":50,"city_name":"哈尔滨市"}},
{"pk":51,
"model":"personnel.City",
"fields":{"country":1,"state":8,"city_code":51,"id":51,"city_name":"齐齐哈尔市"}},
{"pk":52,
"model":"personnel.City",
"fields":{"country":1,"state":8,"city_code":52,"id":52,"city_name":"鸡西市"}},
{"pk":53,
"model":"personnel.City",
"fields":{"country":1,"state":8,"city_code":53,"id":53,"city_name":"牡丹江市"}},
{"pk":54,
"model":"personnel.City",
"fields":{"country":1,"state":8,"city_code":54,"id":54,"city_name":"七台河市"}},
{"pk":55,
"model":"personnel.City",
"fields":{"country":1,"state":8,"city_code":55,"id":55,"city_name":"佳木斯市"}},
{"pk":56,
"model":"personnel.City",
"fields":{"country":1,"state":8,"city_code":56,"id":56,"city_name":"鹤岗市"}},
{"pk":57,
"model":"personnel.City",
"fields":{"country":1,"state":8,"city_code":57,"id":57,"city_name":"双鸭山市"}},
{"pk":58,
"model":"personnel.City",
"fields":{"country":1,"state":8,"city_code":58,"id":58,"city_name":"绥化市"}},
{"pk":59,
"model":"personnel.City",
"fields":{"country":1,"state":8,"city_code":59,"id":59,"city_name":"黑河市"}},
{"pk":60,
"model":"personnel.City",
"fields":{"country":1,"state":8,"city_code":60,"id":60,"city_name":"大兴安岭地区"}},
{"pk":61,
"model":"personnel.City",
"fields":{"country":1,"state":8,"city_code":61,"id":61,"city_name":"伊春市"}},
{"pk":62,
"model":"personnel.City",
"fields":{"country":1,"state":8,"city_code":62,"id":62,"city_name":"大庆市"}},
{"pk":63,
"model":"personnel.City",
"fields":{"country":1,"state":10,"city_code":63,"id":63,"city_name":"南京市"}},
{"pk":64,
"model":"personnel.City",
"fields":{"country":1,"state":10,"city_code":64,"id":64,"city_name":"无锡市"}},
{"pk":65,
"model":"personnel.City",
"fields":{"country":1,"state":10,"city_code":65,"id":65,"city_name":"镇江市"}},
{"pk":66,
"model":"personnel.City",
"fields":{"country":1,"state":10,"city_code":66,"id":66,"city_name":"苏州市"}},
{"pk":67,
"model":"personnel.City",
"fields":{"country":1,"state":10,"city_code":67,"id":67,"city_name":"南通市"}},
{"pk":68,
"model":"personnel.City",
"fields":{"country":1,"state":10,"city_code":68,"id":68,"city_name":"扬州市"}},
{"pk":69,
"model":"personnel.City",
"fields":{"country":1,"state":10,"city_code":69,"id":69,"city_name":"盐城市"}},
{"pk":70,
"model":"personnel.City",
"fields":{"country":1,"state":10,"city_code":70,"id":70,"city_name":"徐州市"}},
{"pk":71,
"model":"personnel.City",
"fields":{"country":1,"state":10,"city_code":71,"id":71,"city_name":"淮安市"}},
{"pk":72,
"model":"personnel.City",
"fields":{"country":1,"state":10,"city_code":72,"id":72,"city_name":"连云港市"}},
{"pk":73,
"model":"personnel.City",
"fields":{"country":1,"state":10,"city_code":73,"id":73,"city_name":"常州市"}},
{"pk":74,
"model":"personnel.City",
"fields":{"country":1,"state":10,"city_code":74,"id":74,"city_name":"泰州市"}},
{"pk":75,
"model":"personnel.City",
"fields":{"country":1,"state":10,"city_code":75,"id":75,"city_name":"宿迁市"}},
{"pk":76,
"model":"personnel.City",
"fields":{"country":1,"state":11,"city_code":76,"id":76,"city_name":"舟山市"}},
{"pk":77,
"model":"personnel.City",
"fields":{"country":1,"state":11,"city_code":77,"id":77,"city_name":"衢州市"}},
{"pk":78,
"model":"personnel.City",
"fields":{"country":1,"state":11,"city_code":78,"id":78,"city_name":"杭州市"}},
{"pk":79,
"model":"personnel.City",
"fields":{"country":1,"state":11,"city_code":79,"id":79,"city_name":"湖州市"}},
{"pk":80,
"model":"personnel.City",
"fields":{"country":1,"state":11,"city_code":80,"id":80,"city_name":"嘉兴市"}},
{"pk":81,
"model":"personnel.City",
"fields":{"country":1,"state":11,"city_code":81,"id":81,"city_name":"宁波市"}},
{"pk":82,
"model":"personnel.City",
"fields":{"country":1,"state":11,"city_code":82,"id":82,"city_name":"绍兴市"}},
{"pk":83,
"model":"personnel.City",
"fields":{"country":1,"state":11,"city_code":83,"id":83,"city_name":"温州市"}},
{"pk":84,
"model":"personnel.City",
"fields":{"country":1,"state":11,"city_code":84,"id":84,"city_name":"丽水市"}},
{"pk":85,
"model":"personnel.City",
"fields":{"country":1,"state":11,"city_code":85,"id":85,"city_name":"金华市"}},
{"pk":86,
"model":"personnel.City",
"fields":{"country":1,"state":11,"city_code":86,"id":86,"city_name":"台州市"}},
{"pk":87,
"model":"personnel.City",
"fields":{"country":1,"state":12,"city_code":87,"id":87,"city_name":"合肥市"}},
{"pk":88,
"model":"personnel.City",
"fields":{"country":1,"state":12,"city_code":88,"id":88,"city_name":"芜湖市"}},
{"pk":89,
"model":"personnel.City",
"fields":{"country":1,"state":12,"city_code":89,"id":89,"city_name":"蚌埠市"}},
{"pk":90,
"model":"personnel.City",
"fields":{"country":1,"state":12,"city_code":90,"id":90,"city_name":"淮南市"}},
{"pk":91,
"model":"personnel.City",
"fields":{"country":1,"state":12,"city_code":91,"id":91,"city_name":"马鞍山市"}},
{"pk":92,
"model":"personnel.City",
"fields":{"country":1,"state":12,"city_code":92,"id":92,"city_name":"淮北市"}},
{"pk":93,
"model":"personnel.City",
"fields":{"country":1,"state":12,"city_code":93,"id":93,"city_name":"铜陵市"}},
{"pk":94,
"model":"personnel.City",
"fields":{"country":1,"state":12,"city_code":94,"id":94,"city_name":"安庆市"}},
{"pk":95,
"model":"personnel.City",
"fields":{"country":1,"state":12,"city_code":95,"id":95,"city_name":"黄山市"}},
{"pk":96,
"model":"personnel.City",
"fields":{"country":1,"state":12,"city_code":96,"id":96,"city_name":"滁州市"}},
{"pk":97,
"model":"personnel.City",
"fields":{"country":1,"state":12,"city_code":97,"id":97,"city_name":"阜阳市"}},
{"pk":98,
"model":"personnel.City",
"fields":{"country":1,"state":12,"city_code":98,"id":98,"city_name":"宿州市"}},
{"pk":99,
"model":"personnel.City",
"fields":{"country":1,"state":12,"city_code":99,"id":99,"city_name":"巢湖市"}},
{"pk":100,
"model":"personnel.City",
"fields":{"country":1,"state":12,"city_code":100,"id":100,"city_name":"六安市"}},
{"pk":101,
"model":"personnel.City",
"fields":{"country":1,"state":12,"city_code":101,"id":101,"city_name":"亳州市"}},
{"pk":102,
"model":"personnel.City",
"fields":{"country":1,"state":12,"city_code":102,"id":102,"city_name":"池州市"}},
{"pk":103,
"model":"personnel.City",
"fields":{"country":1,"state":12,"city_code":103,"id":103,"city_name":"宣城市"}},
{"pk":104,
"model":"personnel.City",
"fields":{"country":1,"state":13,"city_code":104,"id":104,"city_name":"福州市"}},
{"pk":105,
"model":"personnel.City",
"fields":{"country":1,"state":13,"city_code":105,"id":105,"city_name":"厦门市"}},
{"pk":106,
"model":"personnel.City",
"fields":{"country":1,"state":13,"city_code":106,"id":106,"city_name":"宁德市"}},
{"pk":107,
"model":"personnel.City",
"fields":{"country":1,"state":13,"city_code":107,"id":107,"city_name":"莆田市"}},
{"pk":108,
"model":"personnel.City",
"fields":{"country":1,"state":13,"city_code":108,"id":108,"city_name":"泉州市"}},
{"pk":109,
"model":"personnel.City",
"fields":{"country":1,"state":13,"city_code":109,"id":109,"city_name":"漳州市"}},
{"pk":110,
"model":"personnel.City",
"fields":{"country":1,"state":13,"city_code":110,"id":110,"city_name":"龙岩市"}},
{"pk":111,
"model":"personnel.City",
"fields":{"country":1,"state":13,"city_code":111,"id":111,"city_name":"三明市"}},
{"pk":112,
"model":"personnel.City",
"fields":{"country":1,"state":13,"city_code":112,"id":112,"city_name":"南平市"}},
{"pk":113,
"model":"personnel.City",
"fields":{"country":1,"state":14,"city_code":113,"id":113,"city_name":"鹰潭市"}},
{"pk":114,
"model":"personnel.City",
"fields":{"country":1,"state":14,"city_code":114,"id":114,"city_name":"新余市"}},
{"pk":115,
"model":"personnel.City",
"fields":{"country":1,"state":14,"city_code":115,"id":115,"city_name":"南昌市"}},
{"pk":116,
"model":"personnel.City",
"fields":{"country":1,"state":14,"city_code":116,"id":116,"city_name":"九江市"}},
{"pk":117,
"model":"personnel.City",
"fields":{"country":1,"state":14,"city_code":117,"id":117,"city_name":"上饶市"}},
{"pk":118,
"model":"personnel.City",
"fields":{"country":1,"state":14,"city_code":118,"id":118,"city_name":"抚州市"}},
{"pk":119,
"model":"personnel.City",
"fields":{"country":1,"state":14,"city_code":119,"id":119,"city_name":"宜春市"}},
{"pk":120,
"model":"personnel.City",
"fields":{"country":1,"state":14,"city_code":120,"id":120,"city_name":"吉安市"}},
{"pk":121,
"model":"personnel.City",
"fields":{"country":1,"state":14,"city_code":121,"id":121,"city_name":"赣州市"}},
{"pk":122,
"model":"personnel.City",
"fields":{"country":1,"state":14,"city_code":122,"id":122,"city_name":"景德镇市"}},
{"pk":123,
"model":"personnel.City",
"fields":{"country":1,"state":14,"city_code":123,"id":123,"city_name":"萍乡市"}},
{"pk":124,
"model":"personnel.City",
"fields":{"country":1,"state":15,"city_code":124,"id":124,"city_name":"菏泽市"}},
{"pk":125,
"model":"personnel.City",
"fields":{"country":1,"state":15,"city_code":125,"id":125,"city_name":"济南市"}},
{"pk":126,
"model":"personnel.City",
"fields":{"country":1,"state":15,"city_code":126,"id":126,"city_name":"青岛市"}},
{"pk":127,
"model":"personnel.City",
"fields":{"country":1,"state":15,"city_code":127,"id":127,"city_name":"淄博市"}},
{"pk":128,
"model":"personnel.City",
"fields":{"country":1,"state":15,"city_code":128,"id":128,"city_name":"德州市"}},
{"pk":129,
"model":"personnel.City",
"fields":{"country":1,"state":15,"city_code":129,"id":129,"city_name":"烟台市"}},
{"pk":130,
"model":"personnel.City",
"fields":{"country":1,"state":15,"city_code":130,"id":130,"city_name":"潍坊市"}},
{"pk":131,
"model":"personnel.City",
"fields":{"country":1,"state":15,"city_code":131,"id":131,"city_name":"济宁市"}},
{"pk":132,
"model":"personnel.City",
"fields":{"country":1,"state":15,"city_code":132,"id":132,"city_name":"泰安市"}},
{"pk":133,
"model":"personnel.City",
"fields":{"country":1,"state":15,"city_code":133,"id":133,"city_name":"临沂市"}},
{"pk":134,
"model":"personnel.City",
"fields":{"country":1,"state":15,"city_code":134,"id":134,"city_name":"滨州市"}},
{"pk":135,
"model":"personnel.City",
"fields":{"country":1,"state":15,"city_code":135,"id":135,"city_name":"东营市"}},
{"pk":136,
"model":"personnel.City",
"fields":{"country":1,"state":15,"city_code":136,"id":136,"city_name":"威海市"}},
{"pk":137,
"model":"personnel.City",
"fields":{"country":1,"state":15,"city_code":137,"id":137,"city_name":"枣庄市"}},
{"pk":138,
"model":"personnel.City",
"fields":{"country":1,"state":15,"city_code":138,"id":138,"city_name":"日照市"}},
{"pk":139,
"model":"personnel.City",
"fields":{"country":1,"state":15,"city_code":139,"id":139,"city_name":"莱芜市"}},
{"pk":140,
"model":"personnel.City",
"fields":{"country":1,"state":15,"city_code":140,"id":140,"city_name":"聊城市"}},
{"pk":141,
"model":"personnel.City",
"fields":{"country":1,"state":16,"city_code":141,"id":141,"city_name":"商丘市"}},
{"pk":142,
"model":"personnel.City",
"fields":{"country":1,"state":16,"city_code":142,"id":142,"city_name":"郑州市"}},
{"pk":143,
"model":"personnel.City",
"fields":{"country":1,"state":16,"city_code":143,"id":143,"city_name":"安阳市"}},
{"pk":144,
"model":"personnel.City",
"fields":{"country":1,"state":16,"city_code":144,"id":144,"city_name":"新乡市"}},
{"pk":145,
"model":"personnel.City",
"fields":{"country":1,"state":16,"city_code":145,"id":145,"city_name":"许昌市"}},
{"pk":146,
"model":"personnel.City",
"fields":{"country":1,"state":16,"city_code":146,"id":146,"city_name":"平顶山市"}},
{"pk":147,
"model":"personnel.City",
"fields":{"country":1,"state":16,"city_code":147,"id":147,"city_name":"信阳市"}},
{"pk":148,
"model":"personnel.City",
"fields":{"country":1,"state":16,"city_code":148,"id":148,"city_name":"南阳市"}},
{"pk":149,
"model":"personnel.City",
"fields":{"country":1,"state":16,"city_code":149,"id":149,"city_name":"开封市"}},
{"pk":150,
"model":"personnel.City",
"fields":{"country":1,"state":16,"city_code":150,"id":150,"city_name":"洛阳市"}},
{"pk":151,
"model":"personnel.City",
"fields":{"country":1,"state":16,"city_code":151,"id":151,"city_name":"济源市"}},
{"pk":152,
"model":"personnel.City",
"fields":{"country":1,"state":16,"city_code":152,"id":152,"city_name":"焦作市"}},
{"pk":153,
"model":"personnel.City",
"fields":{"country":1,"state":16,"city_code":153,"id":153,"city_name":"鹤壁市"}},
{"pk":154,
"model":"personnel.City",
"fields":{"country":1,"state":16,"city_code":154,"id":154,"city_name":"濮阳市"}},
{"pk":155,
"model":"personnel.City",
"fields":{"country":1,"state":16,"city_code":155,"id":155,"city_name":"周口市"}},
{"pk":156,
"model":"personnel.City",
"fields":{"country":1,"state":16,"city_code":156,"id":156,"city_name":"漯河市"}},
{"pk":157,
"model":"personnel.City",
"fields":{"country":1,"state":16,"city_code":157,"id":157,"city_name":"驻马店市"}},
{"pk":158,
"model":"personnel.City",
"fields":{"country":1,"state":16,"city_code":158,"id":158,"city_name":"三门峡市"}},
{"pk":159,
"model":"personnel.City",
"fields":{"country":1,"state":17,"city_code":159,"id":159,"city_name":"武汉市"}},
{"pk":160,
"model":"personnel.City",
"fields":{"country":1,"state":17,"city_code":160,"id":160,"city_name":"襄樊市"}},
{"pk":161,
"model":"personnel.City",
"fields":{"country":1,"state":17,"city_code":161,"id":161,"city_name":"鄂州市"}},
{"pk":162,
"model":"personnel.City",
"fields":{"country":1,"state":17,"city_code":162,"id":162,"city_name":"孝感市"}},
{"pk":163,
"model":"personnel.City",
"fields":{"country":1,"state":17,"city_code":163,"id":163,"city_name":"黄冈市"}},
{"pk":164,
"model":"personnel.City",
"fields":{"country":1,"state":17,"city_code":164,"id":164,"city_name":"黄石市"}},
{"pk":165,
"model":"personnel.City",
"fields":{"country":1,"state":17,"city_code":165,"id":165,"city_name":"咸宁市"}},
{"pk":166,
"model":"personnel.City",
"fields":{"country":1,"state":17,"city_code":166,"id":166,"city_name":"荆州市"}},
{"pk":167,
"model":"personnel.City",
"fields":{"country":1,"state":17,"city_code":167,"id":167,"city_name":"宜昌市"}},
{"pk":168,
"model":"personnel.City",
"fields":{"country":1,"state":17,"city_code":168,"id":168,"city_name":"恩施土家族苗族自治州"}},
{"pk":169,
"model":"personnel.City",
"fields":{"country":1,"state":17,"city_code":169,"id":169,"city_name":"神农架林区"}},
{"pk":170,
"model":"personnel.City",
"fields":{"country":1,"state":17,"city_code":170,"id":170,"city_name":"十堰市"}},
{"pk":171,
"model":"personnel.City",
"fields":{"country":1,"state":17,"city_code":171,"id":171,"city_name":"随州市"}},
{"pk":172,
"model":"personnel.City",
"fields":{"country":1,"state":17,"city_code":172,"id":172,"city_name":"荆门市"}},
{"pk":173,
"model":"personnel.City",
"fields":{"country":1,"state":17,"city_code":173,"id":173,"city_name":"仙桃市"}},
{"pk":174,
"model":"personnel.City",
"fields":{"country":1,"state":17,"city_code":174,"id":174,"city_name":"天门市"}},
{"pk":175,
"model":"personnel.City",
"fields":{"country":1,"state":17,"city_code":175,"id":175,"city_name":"潜江市"}},
{"pk":176,
"model":"personnel.City",
"fields":{"country":1,"state":18,"city_code":176,"id":176,"city_name":"岳阳市"}},
{"pk":177,
"model":"personnel.City",
"fields":{"country":1,"state":18,"city_code":177,"id":177,"city_name":"长沙市"}},
{"pk":178,
"model":"personnel.City",
"fields":{"country":1,"state":18,"city_code":178,"id":178,"city_name":"湘潭市"}},
{"pk":179,
"model":"personnel.City",
"fields":{"country":1,"state":18,"city_code":179,"id":179,"city_name":"株洲市"}},
{"pk":180,
"model":"personnel.City",
"fields":{"country":1,"state":18,"city_code":180,"id":180,"city_name":"衡阳市"}},
{"pk":181,
"model":"personnel.City",
"fields":{"country":1,"state":18,"city_code":181,"id":181,"city_name":"郴州市"}},
{"pk":182,
"model":"personnel.City",
"fields":{"country":1,"state":18,"city_code":182,"id":182,"city_name":"常德市"}},
{"pk":183,
"model":"personnel.City",
"fields":{"country":1,"state":18,"city_code":183,"id":183,"city_name":"益阳市"}},
{"pk":184,
"model":"personnel.City",
"fields":{"country":1,"state":18,"city_code":184,"id":184,"city_name":"娄底市"}},
{"pk":185,
"model":"personnel.City",
"fields":{"country":1,"state":18,"city_code":185,"id":185,"city_name":"邵阳市"}},
{"pk":186,
"model":"personnel.City",
"fields":{"country":1,"state":18,"city_code":186,"id":186,"city_name":"湘西土家族苗族自治州"}},
{"pk":187,
"model":"personnel.City",
"fields":{"country":1,"state":18,"city_code":187,"id":187,"city_name":"张家界市"}},
{"pk":188,
"model":"personnel.City",
"fields":{"country":1,"state":18,"city_code":188,"id":188,"city_name":"怀化市"}},
{"pk":189,
"model":"personnel.City",
"fields":{"country":1,"state":18,"city_code":189,"id":189,"city_name":"永州市"}},
{"pk":190,
"model":"personnel.City",
"fields":{"country":1,"state":19,"city_code":190,"id":190,"city_name":"广州市"}},
{"pk":191,
"model":"personnel.City",
"fields":{"country":1,"state":19,"city_code":191,"id":191,"city_name":"汕尾市"}},
{"pk":192,
"model":"personnel.City",
"fields":{"country":1,"state":19,"city_code":192,"id":192,"city_name":"阳江市"}},
{"pk":193,
"model":"personnel.City",
"fields":{"country":1,"state":19,"city_code":193,"id":193,"city_name":"揭阳市"}},
{"pk":194,
"model":"personnel.City",
"fields":{"country":1,"state":19,"city_code":194,"id":194,"city_name":"茂名市"}},
{"pk":195,
"model":"personnel.City",
"fields":{"country":1,"state":19,"city_code":195,"id":195,"city_name":"惠州市"}},
{"pk":196,
"model":"personnel.City",
"fields":{"country":1,"state":19,"city_code":196,"id":196,"city_name":"江门市"}},
{"pk":197,
"model":"personnel.City",
"fields":{"country":1,"state":19,"city_code":197,"id":197,"city_name":"韶关市"}},
{"pk":198,
"model":"personnel.City",
"fields":{"country":1,"state":19,"city_code":198,"id":198,"city_name":"梅州市"}},
{"pk":199,
"model":"personnel.City",
"fields":{"country":1,"state":19,"city_code":199,"id":199,"city_name":"汕头市"}},
{"pk":200,
"model":"personnel.City",
"fields":{"country":1,"state":19,"city_code":200,"id":200,"city_name":"深圳市"}},
{"pk":201,
"model":"personnel.City",
"fields":{"country":1,"state":19,"city_code":201,"id":201,"city_name":"珠海市"}},
{"pk":202,
"model":"personnel.City",
"fields":{"country":1,"state":19,"city_code":202,"id":202,"city_name":"佛山市"}},
{"pk":203,
"model":"personnel.City",
"fields":{"country":1,"state":19,"city_code":203,"id":203,"city_name":"肇庆市"}},
{"pk":204,
"model":"personnel.City",
"fields":{"country":1,"state":19,"city_code":204,"id":204,"city_name":"湛江市"}},
{"pk":205,
"model":"personnel.City",
"fields":{"country":1,"state":19,"city_code":205,"id":205,"city_name":"中山市"}},
{"pk":206,
"model":"personnel.City",
"fields":{"country":1,"state":19,"city_code":206,"id":206,"city_name":"河源市"}},
{"pk":207,
"model":"personnel.City",
"fields":{"country":1,"state":19,"city_code":207,"id":207,"city_name":"清远市"}},
{"pk":208,
"model":"personnel.City",
"fields":{"country":1,"state":19,"city_code":208,"id":208,"city_name":"云浮市"}},
{"pk":209,
"model":"personnel.City",
"fields":{"country":1,"state":19,"city_code":209,"id":209,"city_name":"潮州市"}},
{"pk":210,
"model":"personnel.City",
"fields":{"country":1,"state":19,"city_code":210,"id":210,"city_name":"东莞市"}},
{"pk":211,
"model":"personnel.City",
"fields":{"country":1,"state":22,"city_code":211,"id":211,"city_name":"兰州市"}},
{"pk":212,
"model":"personnel.City",
"fields":{"country":1,"state":22,"city_code":212,"id":212,"city_name":"金昌市"}},
{"pk":213,
"model":"personnel.City",
"fields":{"country":1,"state":22,"city_code":213,"id":213,"city_name":"白银市"}},
{"pk":214,
"model":"personnel.City",
"fields":{"country":1,"state":22,"city_code":214,"id":214,"city_name":"天水市"}},
{"pk":215,
"model":"personnel.City",
"fields":{"country":1,"state":22,"city_code":215,"id":215,"city_name":"嘉峪关市"}},
{"pk":216,
"model":"personnel.City",
"fields":{"country":1,"state":22,"city_code":216,"id":216,"city_name":"武威市"}},
{"pk":217,
"model":"personnel.City",
"fields":{"country":1,"state":22,"city_code":217,"id":217,"city_name":"张掖市"}},
{"pk":218,
"model":"personnel.City",
"fields":{"country":1,"state":22,"city_code":218,"id":218,"city_name":"平凉市"}},
{"pk":219,
"model":"personnel.City",
"fields":{"country":1,"state":22,"city_code":219,"id":219,"city_name":"酒泉市"}},
{"pk":220,
"model":"personnel.City",
"fields":{"country":1,"state":22,"city_code":220,"id":220,"city_name":"庆阳市"}},
{"pk":221,
"model":"personnel.City",
"fields":{"country":1,"state":22,"city_code":221,"id":221,"city_name":"定西市"}},
{"pk":222,
"model":"personnel.City",
"fields":{"country":1,"state":22,"city_code":222,"id":222,"city_name":"陇南市"}},
{"pk":223,
"model":"personnel.City",
"fields":{"country":1,"state":22,"city_code":223,"id":223,"city_name":"临夏回族自治州"}},
{"pk":224,
"model":"personnel.City",
"fields":{"country":1,"state":22,"city_code":224,"id":224,"city_name":"甘南藏族自治州"}},
{"pk":225,
"model":"personnel.City",
"fields":{"country":1,"state":28,"city_code":225,"id":225,"city_name":"成都市"}},
{"pk":226,
"model":"personnel.City",
"fields":{"country":1,"state":28,"city_code":226,"id":226,"city_name":"攀枝花市"}},
{"pk":227,
"model":"personnel.City",
"fields":{"country":1,"state":28,"city_code":227,"id":227,"city_name":"自贡市"}},
{"pk":228,
"model":"personnel.City",
"fields":{"country":1,"state":28,"city_code":228,"id":228,"city_name":"绵阳市"}},
{"pk":229,
"model":"personnel.City",
"fields":{"country":1,"state":28,"city_code":229,"id":229,"city_name":"南充市"}},
{"pk":230,
"model":"personnel.City",
"fields":{"country":1,"state":28,"city_code":230,"id":230,"city_name":"达州市"}},
{"pk":231,
"model":"personnel.City",
"fields":{"country":1,"state":28,"city_code":231,"id":231,"city_name":"遂宁市"}},
{"pk":232,
"model":"personnel.City",
"fields":{"country":1,"state":28,"city_code":232,"id":232,"city_name":"广安市"}},
{"pk":233,
"model":"personnel.City",
"fields":{"country":1,"state":28,"city_code":233,"id":233,"city_name":"巴中市"}},
{"pk":234,
"model":"personnel.City",
"fields":{"country":1,"state":28,"city_code":234,"id":234,"city_name":"泸州市"}},
{"pk":235,
"model":"personnel.City",
"fields":{"country":1,"state":28,"city_code":235,"id":235,"city_name":"宜宾市"}},
{"pk":236,
"model":"personnel.City",
"fields":{"country":1,"state":28,"city_code":236,"id":236,"city_name":"资阳市"}},
{"pk":237,
"model":"personnel.City",
"fields":{"country":1,"state":28,"city_code":237,"id":237,"city_name":"内江市"}},
{"pk":238,
"model":"personnel.City",
"fields":{"country":1,"state":28,"city_code":238,"id":238,"city_name":"乐山市"}},
{"pk":239,
"model":"personnel.City",
"fields":{"country":1,"state":28,"city_code":239,"id":239,"city_name":"眉山市"}},
{"pk":240,
"model":"personnel.City",
"fields":{"country":1,"state":28,"city_code":240,"id":240,"city_name":"凉山彝族自治州"}},
{"pk":241,
"model":"personnel.City",
"fields":{"country":1,"state":28,"city_code":241,"id":241,"city_name":"雅安市"}},
{"pk":242,
"model":"personnel.City",
"fields":{"country":1,"state":28,"city_code":242,"id":242,"city_name":"甘孜藏族自治州"}},
{"pk":243,
"model":"personnel.City",
"fields":{"country":1,"state":28,"city_code":243,"id":243,"city_name":"阿坝藏族羌族自治州"}},
{"pk":244,
"model":"personnel.City",
"fields":{"country":1,"state":28,"city_code":244,"id":244,"city_name":"德阳市"}},
{"pk":245,
"model":"personnel.City",
"fields":{"country":1,"state":28,"city_code":245,"id":245,"city_name":"广元市"}},
{"pk":246,
"model":"personnel.City",
"fields":{"country":1,"state":29,"city_code":246,"id":246,"city_name":"贵阳市"}},
{"pk":247,
"model":"personnel.City",
"fields":{"country":1,"state":29,"city_code":247,"id":247,"city_name":"遵义市"}},
{"pk":248,
"model":"personnel.City",
"fields":{"country":1,"state":29,"city_code":248,"id":248,"city_name":"安顺市"}},
{"pk":249,
"model":"personnel.City",
"fields":{"country":1,"state":29,"city_code":249,"id":249,"city_name":"黔南布依族苗族自治州"}},
{"pk":250,
"model":"personnel.City",
"fields":{"country":1,"state":29,"city_code":250,"id":250,"city_name":"黔东南苗族侗族自治州"}},
{"pk":251,
"model":"personnel.City",
"fields":{"country":1,"state":29,"city_code":251,"id":251,"city_name":"铜仁地区"}},
{"pk":252,
"model":"personnel.City",
"fields":{"country":1,"state":29,"city_code":252,"id":252,"city_name":"毕节地区"}},
{"pk":253,
"model":"personnel.City",
"fields":{"country":1,"state":29,"city_code":253,"id":253,"city_name":"六盘水市"}},
{"pk":254,
"model":"personnel.City",
"fields":{"country":1,"state":29,"city_code":254,"id":254,"city_name":"黔西南布依族苗族自治州"}},
{"pk":255,
"model":"personnel.City",
"fields":{"country":1,"state":20,"city_code":255,"id":255,"city_name":"海口市"}},
{"pk":256,
"model":"personnel.City",
"fields":{"country":1,"state":20,"city_code":256,"id":256,"city_name":"三亚市"}},
{"pk":257,
"model":"personnel.City",
"fields":{"country":1,"state":20,"city_code":257,"id":257,"city_name":"五指山市"}},
{"pk":258,
"model":"personnel.City",
"fields":{"country":1,"state":20,"city_code":258,"id":258,"city_name":"琼海市"}},
{"pk":259,
"model":"personnel.City",
"fields":{"country":1,"state":20,"city_code":259,"id":259,"city_name":"儋州市"}},
{"pk":260,
"model":"personnel.City",
"fields":{"country":1,"state":20,"city_code":260,"id":260,"city_name":"文昌市"}},
{"pk":261,
"model":"personnel.City",
"fields":{"country":1,"state":20,"city_code":261,"id":261,"city_name":"万宁市"}},
{"pk":262,
"model":"personnel.City",
"fields":{"country":1,"state":20,"city_code":262,"id":262,"city_name":"东方市"}},
{"pk":263,
"model":"personnel.City",
"fields":{"country":1,"state":20,"city_code":263,"id":263,"city_name":"澄迈县"}},
{"pk":264,
"model":"personnel.City",
"fields":{"country":1,"state":20,"city_code":264,"id":264,"city_name":"定安县"}},
{"pk":265,
"model":"personnel.City",
"fields":{"country":1,"state":20,"city_code":265,"id":265,"city_name":"屯昌县"}},
{"pk":266,
"model":"personnel.City",
"fields":{"country":1,"state":20,"city_code":266,"id":266,"city_name":"临高县"}},
{"pk":267,
"model":"personnel.City",
"fields":{"country":1,"state":20,"city_code":267,"id":267,"city_name":"白沙黎族自治县"}},
{"pk":268,
"model":"personnel.City",
"fields":{"country":1,"state":20,"city_code":268,"id":268,"city_name":"昌江黎族自治县"}},
{"pk":269,
"model":"personnel.City",
"fields":{"country":1,"state":20,"city_code":269,"id":269,"city_name":"乐东黎族自治县"}},
{"pk":270,
"model":"personnel.City",
"fields":{"country":1,"state":20,"city_code":270,"id":270,"city_name":"陵水黎族自治县"}},
{"pk":271,
"model":"personnel.City",
"fields":{"country":1,"state":20,"city_code":271,"id":271,"city_name":"保亭黎族苗族自治县"}},
{"pk":272,
"model":"personnel.City",
"fields":{"country":1,"state":20,"city_code":272,"id":272,"city_name":"琼中黎族苗族自治县"}},
{"pk":273,
"model":"personnel.City",
"fields":{"country":1,"state":30,"city_code":273,"id":273,"city_name":"西双版纳傣族自治州"}},
{"pk":274,
"model":"personnel.City",
"fields":{"country":1,"state":30,"city_code":274,"id":274,"city_name":"德宏傣族景颇族自治州"}},
{"pk":275,
"model":"personnel.City",
"fields":{"country":1,"state":30,"city_code":275,"id":275,"city_name":"昭通市"}},
{"pk":276,
"model":"personnel.City",
"fields":{"country":1,"state":30,"city_code":276,"id":276,"city_name":"昆明市"}},
{"pk":277,
"model":"personnel.City",
"fields":{"country":1,"state":30,"city_code":277,"id":277,"city_name":"大理白族自治州"}},
{"pk":278,
"model":"personnel.City",
"fields":{"country":1,"state":30,"city_code":278,"id":278,"city_name":"红河哈尼族彝族自治州"}},
{"pk":279,
"model":"personnel.City",
"fields":{"country":1,"state":30,"city_code":279,"id":279,"city_name":"曲靖市"}},
{"pk":280,
"model":"personnel.City",
"fields":{"country":1,"state":30,"city_code":280,"id":280,"city_name":"保山市"}},
{"pk":281,
"model":"personnel.City",
"fields":{"country":1,"state":30,"city_code":281,"id":281,"city_name":"文山壮族苗族自治州"}},
{"pk":282,
"model":"personnel.City",
"fields":{"country":1,"state":30,"city_code":282,"id":282,"city_name":"玉溪市"}},
{"pk":283,
"model":"personnel.City",
"fields":{"country":1,"state":30,"city_code":283,"id":283,"city_name":"楚雄彝族自治州"}},
{"pk":284,
"model":"personnel.City",
"fields":{"country":1,"state":30,"city_code":284,"id":284,"city_name":"普洱市"}},
{"pk":285,
"model":"personnel.City",
"fields":{"country":1,"state":30,"city_code":285,"id":285,"city_name":"临沧市"}},
{"pk":286,
"model":"personnel.City",
"fields":{"country":1,"state":30,"city_code":286,"id":286,"city_name":"怒江傈傈族自治州"}},
{"pk":287,
"model":"personnel.City",
"fields":{"country":1,"state":30,"city_code":287,"id":287,"city_name":"迪庆藏族自治州"}},
{"pk":288,
"model":"personnel.City",
"fields":{"country":1,"state":30,"city_code":288,"id":288,"city_name":"丽江市"}},
{"pk":289,
"model":"personnel.City",
"fields":{"country":1,"state":25,"city_code":289,"id":289,"city_name":"海北藏族自治州"}},
{"pk":290,
"model":"personnel.City",
"fields":{"country":1,"state":25,"city_code":290,"id":290,"city_name":"西宁市"}},
{"pk":291,
"model":"personnel.City",
"fields":{"country":1,"state":25,"city_code":291,"id":291,"city_name":"海东地区"}},
{"pk":292,
"model":"personnel.City",
"fields":{"country":1,"state":25,"city_code":292,"id":292,"city_name":"黄南藏族自治州"}},
{"pk":293,
"model":"personnel.City",
"fields":{"country":1,"state":25,"city_code":293,"id":293,"city_name":"海南藏族自治州"}},
{"pk":294,
"model":"personnel.City",
"fields":{"country":1,"state":25,"city_code":294,"id":294,"city_name":"果洛藏族自治州"}},
{"pk":295,
"model":"personnel.City",
"fields":{"country":1,"state":25,"city_code":295,"id":295,"city_name":"玉树藏族自治州"}},
{"pk":296,
"model":"personnel.City",
"fields":{"country":1,"state":25,"city_code":296,"id":296,"city_name":"海西蒙古族藏族自治州"}},
{"pk":297,
"model":"personnel.City",
"fields":{"country":1,"state":23,"city_code":297,"id":297,"city_name":"西安市"}},
{"pk":298,
"model":"personnel.City",
"fields":{"country":1,"state":23,"city_code":298,"id":298,"city_name":"咸阳市"}},
{"pk":299,
"model":"personnel.City",
"fields":{"country":1,"state":23,"city_code":299,"id":299,"city_name":"延安市"}},
{"pk":300,
"model":"personnel.City",
"fields":{"country":1,"state":23,"city_code":300,"id":300,"city_name":"榆林市"}},
{"pk":301,
"model":"personnel.City",
"fields":{"country":1,"state":23,"city_code":301,"id":301,"city_name":"渭南市"}},
{"pk":302,
"model":"personnel.City",
"fields":{"country":1,"state":23,"city_code":302,"id":302,"city_name":"商洛市"}},
{"pk":303,
"model":"personnel.City",
"fields":{"country":1,"state":23,"city_code":303,"id":303,"city_name":"安康市"}},
{"pk":304,
"model":"personnel.City",
"fields":{"country":1,"state":23,"city_code":304,"id":304,"city_name":"汉中市"}},
{"pk":305,
"model":"personnel.City",
"fields":{"country":1,"state":23,"city_code":305,"id":305,"city_name":"宝鸡市"}},
{"pk":306,
"model":"personnel.City",
"fields":{"country":1,"state":23,"city_code":306,"id":306,"city_name":"铜川市"}},
{"pk":307,
"model":"personnel.City",
"fields":{"country":1,"state":21,"city_code":307,"id":307,"city_name":"防城港市"}},
{"pk":308,
"model":"personnel.City",
"fields":{"country":1,"state":21,"city_code":308,"id":308,"city_name":"南宁市"}},
{"pk":309,
"model":"personnel.City",
"fields":{"country":1,"state":21,"city_code":309,"id":309,"city_name":"崇左市"}},
{"pk":310,
"model":"personnel.City",
"fields":{"country":1,"state":21,"city_code":310,"id":310,"city_name":"来宾市"}},
{"pk":311,
"model":"personnel.City",
"fields":{"country":1,"state":21,"city_code":311,"id":311,"city_name":"柳州市"}},
{"pk":312,
"model":"personnel.City",
"fields":{"country":1,"state":21,"city_code":312,"id":312,"city_name":"桂林市"}},
{"pk":313,
"model":"personnel.City",
"fields":{"country":1,"state":21,"city_code":313,"id":313,"city_name":"梧州市"}},
{"pk":314,
"model":"personnel.City",
"fields":{"country":1,"state":21,"city_code":314,"id":314,"city_name":"贺州市"}},
{"pk":315,
"model":"personnel.City",
"fields":{"country":1,"state":21,"city_code":315,"id":315,"city_name":"贵港市"}},
{"pk":316,
"model":"personnel.City",
"fields":{"country":1,"state":21,"city_code":316,"id":316,"city_name":"玉林市"}},
{"pk":317,
"model":"personnel.City",
"fields":{"country":1,"state":21,"city_code":317,"id":317,"city_name":"百色市"}},
{"pk":318,
"model":"personnel.City",
"fields":{"country":1,"state":21,"city_code":318,"id":318,"city_name":"钦州市"}},
{"pk":319,
"model":"personnel.City",
"fields":{"country":1,"state":21,"city_code":319,"id":319,"city_name":"河池市"}},
{"pk":320,
"model":"personnel.City",
"fields":{"country":1,"state":21,"city_code":320,"id":320,"city_name":"北海市"}},
{"pk":321,
"model":"personnel.City",
"fields":{"country":1,"state":31,"city_code":321,"id":321,"city_name":"拉萨市"}},
{"pk":322,
"model":"personnel.City",
"fields":{"country":1,"state":31,"city_code":322,"id":322,"city_name":"日喀则地区"}},
{"pk":323,
"model":"personnel.City",
"fields":{"country":1,"state":31,"city_code":323,"id":323,"city_name":"山南地区"}},
{"pk":324,
"model":"personnel.City",
"fields":{"country":1,"state":31,"city_code":324,"id":324,"city_name":"林芝地区"}},
{"pk":325,
"model":"personnel.City",
"fields":{"country":1,"state":31,"city_code":325,"id":325,"city_name":"昌都地区"}},
{"pk":326,
"model":"personnel.City",
"fields":{"country":1,"state":31,"city_code":326,"id":326,"city_name":"那曲地区"}},
{"pk":327,
"model":"personnel.City",
"fields":{"country":1,"state":31,"city_code":327,"id":327,"city_name":"阿里地区"}},
{"pk":328,
"model":"personnel.City",
"fields":{"country":1,"state":26,"city_code":328,"id":328,"city_name":"银川市"}},
{"pk":329,
"model":"personnel.City",
"fields":{"country":1,"state":26,"city_code":329,"id":329,"city_name":"石嘴山市"}},
{"pk":330,
"model":"personnel.City",
"fields":{"country":1,"state":26,"city_code":330,"id":330,"city_name":"吴忠市"}},
{"pk":331,
"model":"personnel.City",
"fields":{"country":1,"state":26,"city_code":331,"id":331,"city_name":"固原市"}},
{"pk":332,
"model":"personnel.City",
"fields":{"country":1,"state":26,"city_code":332,"id":332,"city_name":"中卫市"}},
{"pk":333,
"model":"personnel.City",
"fields":{"country":1,"state":24,"city_code":333,"id":333,"city_name":"塔城地区"}},
{"pk":334,
"model":"personnel.City",
"fields":{"country":1,"state":24,"city_code":334,"id":334,"city_name":"哈密地区"}},
{"pk":335,
"model":"personnel.City",
"fields":{"country":1,"state":24,"city_code":335,"id":335,"city_name":"和田地区"}},
{"pk":336,
"model":"personnel.City",
"fields":{"country":1,"state":24,"city_code":336,"id":336,"city_name":"阿勒泰地区"}},
{"pk":337,
"model":"personnel.City",
"fields":{"country":1,"state":24,"city_code":337,"id":337,"city_name":"克孜勒苏柯尔克孜自治州"}},
{"pk":338,
"model":"personnel.City",
"fields":{"country":1,"state":24,"city_code":338,"id":338,"city_name":"博尔塔拉蒙古自治州"}},
{"pk":339,
"model":"personnel.City",
"fields":{"country":1,"state":24,"city_code":339,"id":339,"city_name":"克拉玛依市"}},
{"pk":340,
"model":"personnel.City",
"fields":{"country":1,"state":24,"city_code":340,"id":340,"city_name":"乌鲁木齐市"}},
{"pk":341,
"model":"personnel.City",
"fields":{"country":1,"state":24,"city_code":341,"id":341,"city_name":"石河子市"}},
{"pk":342,
"model":"personnel.City",
"fields":{"country":1,"state":24,"city_code":342,"id":342,"city_name":"昌吉回族自治州"}},
{"pk":343,
"model":"personnel.City",
"fields":{"country":1,"state":24,"city_code":343,"id":343,"city_name":"五家渠市"}},
{"pk":344,
"model":"personnel.City",
"fields":{"country":1,"state":24,"city_code":344,"id":344,"city_name":"吐鲁番地区"}},
{"pk":345,
"model":"personnel.City",
"fields":{"country":1,"state":24,"city_code":345,"id":345,"city_name":"巴音郭楞蒙古自治州"}},
{"pk":346,
"model":"personnel.City",
"fields":{"country":1,"state":24,"city_code":346,"id":346,"city_name":"阿克苏地区"}},
{"pk":347,
"model":"personnel.City",
"fields":{"country":1,"state":24,"city_code":347,"id":347,"city_name":"阿拉尔市"}},
{"pk":348,
"model":"personnel.City",
"fields":{"country":1,"state":24,"city_code":348,"id":348,"city_name":"喀什地区"}},
{"pk":349,
"model":"personnel.City",
"fields":{"country":1,"state":24,"city_code":349,"id":349,"city_name":"图木舒克市"}},
{"pk":350,
"model":"personnel.City",
"fields":{"country":1,"state":24,"city_code":350,"id":350,"city_name":"伊犁哈萨克自治州"}},
{"pk":351,
"model":"personnel.City",
"fields":{"country":1,"state":5,"city_code":351,"id":351,"city_name":"呼伦贝尔市"}},
{"pk":352,
"model":"personnel.City",
"fields":{"country":1,"state":5,"city_code":352,"id":352,"city_name":"呼和浩特市"}},
{"pk":353,
"model":"personnel.City",
"fields":{"country":1,"state":5,"city_code":353,"id":353,"city_name":"包头市"}},
{"pk":354,
"model":"personnel.City",
"fields":{"country":1,"state":5,"city_code":354,"id":354,"city_name":"乌海市"}},
{"pk":355,
"model":"personnel.City",
"fields":{"country":1,"state":5,"city_code":355,"id":355,"city_name":"乌兰察布市"}},
{"pk":356,
"model":"personnel.City",
"fields":{"country":1,"state":5,"city_code":356,"id":356,"city_name":"通辽市"}},
{"pk":357,
"model":"personnel.City",
"fields":{"country":1,"state":5,"city_code":357,"id":357,"city_name":"赤峰市"}},
{"pk":358,
"model":"personnel.City",
"fields":{"country":1,"state":5,"city_code":358,"id":358,"city_name":"鄂尔多斯市"}},
{"pk":359,
"model":"personnel.City",
"fields":{"country":1,"state":5,"city_code":359,"id":359,"city_name":"巴彦淖尔市"}},
{"pk":360,
"model":"personnel.City",
"fields":{"country":1,"state":5,"city_code":360,"id":360,"city_name":"锡林郭勒盟"}},
{"pk":361,
"model":"personnel.City",
"fields":{"country":1,"state":5,"city_code":361,"id":361,"city_name":"兴安盟"}},
{"pk":362,
"model":"personnel.City",
"fields":{"country":1,"state":5,"city_code":362,"id":362,"city_name":"阿拉善盟"}},
{"pk":363,
"model":"personnel.City",
"fields":{"country":1,"state":32,"city_code":363,"id":363,"city_name":"台北市"}},
{"pk":364,
"model":"personnel.City",
"fields":{"country":1,"state":32,"city_code":364,"id":364,"city_name":"高雄市"}},
{"pk":365,
"model":"personnel.City",
"fields":{"country":1,"state":32,"city_code":365,"id":365,"city_name":"基隆市"}},
{"pk":366,
"model":"personnel.City",
"fields":{"country":1,"state":32,"city_code":366,"id":366,"city_name":"台中市"}},
{"pk":367,
"model":"personnel.City",
"fields":{"country":1,"state":32,"city_code":367,"id":367,"city_name":"台南市"}},
{"pk":368,
"model":"personnel.City",
"fields":{"country":1,"state":32,"city_code":368,"id":368,"city_name":"新竹市"}},
{"pk":369,
"model":"personnel.City",
"fields":{"country":1,"state":32,"city_code":369,"id":369,"city_name":"嘉义市"}},
{"pk":370,
"model":"personnel.City",
"fields":{"country":1,"state":33,"city_code":370,"id":370,"city_name":"澳门特别行政区"}},
{"pk":371,
"model":"personnel.City",
"fields":{"country":1,"state":34,"city_code":371,"id":371,"city_name":"香港特别行政区"}},
{"pk":1,
"model":"personnel.National",
"fields":{"code":1,"id":1,"name":"阿昌族"}},
{"pk":2,
"model":"personnel.National",
"fields":{"code":2,"id":2,"name":"白族"}},
{"pk":3,
"model":"personnel.National",
"fields":{"code":3,"id":3,"name":"保安族"}},
{"pk":4,
"model":"personnel.National",
"fields":{"code":4,"id":4,"name":"布朗族"}},
{"pk":5,
"model":"personnel.National",
"fields":{"code":5,"id":5,"name":"布依族"}},
{"pk":6,
"model":"personnel.National",
"fields":{"code":6,"id":6,"name":"朝鲜族"}},
{"pk":7,
"model":"personnel.National",
"fields":{"code":7,"id":7,"name":"达斡尔族"}},
{"pk":8,
"model":"personnel.National",
"fields":{"code":8,"id":8,"name":"傣族"}},
{"pk":9,
"model":"personnel.National",
"fields":{"code":9,"id":9,"name":"德昂族"}},
{"pk":10,
"model":"personnel.National",
"fields":{"code":10,"id":10,"name":"东乡族"}},
{"pk":11,
"model":"personnel.National",
"fields":{"code":11,"id":11,"name":"侗族"}},
{"pk":12,
"model":"personnel.National",
"fields":{"code":12,"id":12,"name":"独龙族"}},
{"pk":13,
"model":"personnel.National",
"fields":{"code":13,"id":13,"name":"俄罗斯族"}},
{"pk":14,
"model":"personnel.National",
"fields":{"code":14,"id":14,"name":"鄂伦春族"}},
{"pk":15,
"model":"personnel.National",
"fields":{"code":15,"id":15,"name":"鄂温克族"}},
{"pk":16,
"model":"personnel.National",
"fields":{"code":16,"id":16,"name":"高山族"}},
{"pk":17,
"model":"personnel.National",
"fields":{"code":17,"id":17,"name":"仡佬族"}},
{"pk":18,
"model":"personnel.National",
"fields":{"code":18,"id":18,"name":"哈尼族"}},
{"pk":19,
"model":"personnel.National",
"fields":{"code":19,"id":19,"name":"哈萨克族"}},
{"pk":20,
"model":"personnel.National",
"fields":{"code":20,"id":20,"name":"汉族"}},
{"pk":21,
"model":"personnel.National",
"fields":{"code":21,"id":21,"name":"赫哲族"}},
{"pk":22,
"model":"personnel.National",
"fields":{"code":22,"id":22,"name":"回族"}},
{"pk":23,
"model":"personnel.National",
"fields":{"code":23,"id":23,"name":"基诺族"}},
{"pk":24,
"model":"personnel.National",
"fields":{"code":24,"id":24,"name":"京族"}},
{"pk":25,
"model":"personnel.National",
"fields":{"code":25,"id":25,"name":"景颇族"}},
{"pk":26,
"model":"personnel.National",
"fields":{"code":26,"id":26,"name":"柯尔克孜族"}},
{"pk":27,
"model":"personnel.National",
"fields":{"code":27,"id":27,"name":"拉祜族"}},
{"pk":28,
"model":"personnel.National",
"fields":{"code":28,"id":28,"name":"黎族"}},
{"pk":29,
"model":"personnel.National",
"fields":{"code":29,"id":29,"name":"傈僳族"}},
{"pk":30,
"model":"personnel.National",
"fields":{"code":30,"id":30,"name":"珞巴族"}},
{"pk":31,
"model":"personnel.National",
"fields":{"code":31,"id":31,"name":"满族"}},
{"pk":32,
"model":"personnel.National",
"fields":{"code":32,"id":32,"name":"毛南族"}},
{"pk":33,
"model":"personnel.National",
"fields":{"code":33,"id":33,"name":"门巴族"}},
{"pk":34,
"model":"personnel.National",
"fields":{"code":34,"id":34,"name":"蒙古族"}},
{"pk":35,
"model":"personnel.National",
"fields":{"code":35,"id":35,"name":"苗族"}},
{"pk":36,
"model":"personnel.National",
"fields":{"code":36,"id":36,"name":"仫佬族"}},
{"pk":37,
"model":"personnel.National",
"fields":{"code":37,"id":37,"name":"纳西族"}},
{"pk":38,
"model":"personnel.National",
"fields":{"code":38,"id":38,"name":"怒族"}},
{"pk":39,
"model":"personnel.National",
"fields":{"code":39,"id":39,"name":"普米族"}},
{"pk":40,
"model":"personnel.National",
"fields":{"code":40,"id":40,"name":"羌族"}},
{"pk":41,
"model":"personnel.National",
"fields":{"code":41,"id":41,"name":"撒拉族"}},
{"pk":42,
"model":"personnel.National",
"fields":{"code":42,"id":42,"name":"畲族"}},
{"pk":43,
"model":"personnel.National",
"fields":{"code":43,"id":43,"name":"水族"}},
{"pk":44,
"model":"personnel.National",
"fields":{"code":44,"id":44,"name":"塔吉克族"}},
{"pk":45,
"model":"personnel.National",
"fields":{"code":45,"id":45,"name":"塔塔尔族"}},
{"pk":46,
"model":"personnel.National",
"fields":{"code":46,"id":46,"name":"土家族"}},
{"pk":47,
"model":"personnel.National",
"fields":{"code":47,"id":47,"name":"土族"}},
{"pk":48,
"model":"personnel.National",
"fields":{"code":48,"id":48,"name":"佤族"}},
{"pk":49,
"model":"personnel.National",
"fields":{"code":49,"id":49,"name":"维吾尔族"}},
{"pk":50,
"model":"personnel.National",
"fields":{"code":50,"id":50,"name":"乌孜别克族"}},
{"pk":51,
"model":"personnel.National",
"fields":{"code":51,"id":51,"name":"锡伯族"}},
{"pk":52,
"model":"personnel.National",
"fields":{"code":52,"id":52,"name":"瑶族"}},
{"pk":53,
"model":"personnel.National",
"fields":{"code":53,"id":53,"name":"彝族"}},
{"pk":54,
"model":"personnel.National",
"fields":{"code":54,"id":54,"name":"裕固族"}},
{"pk":55,
"model":"personnel.National",
"fields":{"code":55,"id":55,"name":"藏族"}},
{"pk":56,
"model":"personnel.National",
"fields":{"code":56,"id":56,"name":"壮族"}},
{"pk":1,
"model":"personnel.Education",
"fields":{"code":1,"id":1,"name":"小学"}},
{"pk":2,
"model":"personnel.Education",
"fields":{"code":2,"id":2,"name":"初中"}},
{"pk":3,
"model":"personnel.Education",
"fields":{"code":3,"id":3,"name":"普通高中"}},
{"pk":4,
"model":"personnel.Education",
"fields":{"code":4,"id":4,"name":"职高"}},
{"pk":5,
"model":"personnel.Education",
"fields":{"code":5,"id":5,"name":"中专"}},
{"pk":6,
"model":"personnel.Education",
"fields":{"code":6,"id":6,"name":"技校"}},
{"pk":7,
"model":"personnel.Education",
"fields":{"code":7,"id":7,"name":"大专"}},
{"pk":8,
"model":"personnel.Education",
"fields":{"code":8,"id":8,"name":"本科"}},
{"pk":9,
"model":"personnel.Education",
"fields":{"code":9,"id":9,"name":"硕士研究生"}},
{"pk":10,
"model":"personnel.Education",
"fields":{"code":10,"id":10,"name":"博士研究生"}}

]
